[
{
  "model": "main.categoria",
  "pk": 1,
  "fields": {
    "nombre": "Herramientas Manuales"
  }
},
{
  "model": "main.categoria",
  "pk": 2,
  "fields": {
    "nombre": "Herramientas Eléctricas Portátiles"
  }
},
{
  "model": "main.categoria",
  "pk": 3,
  "fields": {
    "nombre": "Herramientas Eléctricas Estacionarias"
  }
},
{
  "model": "main.categoria",
  "pk": 4,
  "fields": {
    "nombre": "Herramientas de Corte"
  }
},
{
  "model": "main.categoria",
  "pk": 5,
  "fields": {
    "nombre": "Herramientas de Medición"
  }
},
{
  "model": "main.categoria",
  "pk": 6,
  "fields": {
    "nombre": "Herramientas de Jardinería"
  }
},
{
  "model": "main.categoria",
  "pk": 7,
  "fields": {
    "nombre": "Herramientas de Gasfitería"
  }
},
{
  "model": "main.categoria",
  "pk": 8,
  "fields": {
    "nombre": "Herramientas de Electricidad"
  }
},
{
  "model": "main.categoria",
  "pk": 9,
  "fields": {
    "nombre": "Herramientas de Mecánica Automotriz"
  }
},
{
  "model": "main.categoria",
  "pk": 10,
  "fields": {
    "nombre": "Materiales de Construcción"
  }
},
{
  "model": "main.categoria",
  "pk": 11,
  "fields": {
    "nombre": "Equipos de Seguridad"
  }
},
{
  "model": "main.categoria",
  "pk": 12,
  "fields": {
    "nombre": "Tornillos y Anclajes"
  }
},
{
  "model": "main.categoria",
  "pk": 13,
  "fields": {
    "nombre": "Fijaciones y Adhesivos"
  }
},
{
  "model": "main.producto",
  "pk": 1001,
  "fields": {
    "codigo": "HM-001",
    "nombre": "Martillo carpintero Stanley",
    "categoria": 1,
    "precio_clp": 17990,
    "marca": "Stanley",
    "stock": 50,
    "descripcion": "Martillo de carpintero 0.56kg"
  }
},
{
  "model": "main.producto",
  "pk": 1002,
  "fields": {
    "codigo": "HM-002",
    "nombre": "Destornillador plano 6mm",
    "categoria": 1,
    "precio_clp": 2990,
    "marca": "Tramontina",
    "stock": 100,
    "descripcion": ""
  }
},
{
  "model": "main.producto",
  "pk": 1003,
  "fields": {
    "codigo": "HM-003",
    "nombre": "Llave combinada 13mm",
    "categoria": 1,
    "precio_clp": 3990,
    "marca": "Bahco",
    "stock": 75,
    "descripcion": ""
  }
},
{
  "model": "main.producto",
  "pk": 1004,
  "fields": {
    "codigo": "HM-004",
    "nombre": "Alicate universal 7''",
    "categoria": 1,
    "precio_clp": 8500,
    "marca": "Truper",
    "stock": 60,
    "descripcion": ""
  }
},
{
  "model": "main.producto",
  "pk": 1005,
  "fields": {
    "codigo": "HEP-001",
    "nombre": "Taladro Bosch GSB 13 RE",
    "categoria": 2,
    "precio_clp": 74000,
    "marca": "Bosch",
    "stock": 30,
    "descripcion": "Taladro percutor 650W + kit accesorios"
  }
},
{
  "model": "main.producto",
  "pk": 1006,
  "fields": {
    "codigo": "HEP-002",
    "nombre": "Sierra caladora Makita 450W",
    "categoria": 2,
    "precio_clp": 110990,
    "marca": "Makita",
    "stock": 20,
    "descripcion": ""
  }
},
{
  "model": "main.producto",
  "pk": 1007,
  "fields": {
    "codigo": "HEP-003",
    "nombre": "Pistola de calor Stanley 2000W",
    "categoria": 2,
    "precio_clp": 83990,
    "marca": "Stanley",
    "stock": 25,
    "descripcion": ""
  }
},
{
  "model": "main.producto",
  "pk": 1008,
  "fields": {
    "codigo": "HEP-004",
    "nombre": "Cautín eléctrico 60W",
    "categoria": 2,
    "precio_clp": 11990,
    "marca": "Goodyear",
    "stock": 40,
    "descripcion": ""
  }
},
{
  "model": "main.producto",
  "pk": 1009,
  "fields": {
    "codigo": "HEE-001",
    "nombre": "Sierra de banco",
    "categoria": 3,
    "precio_clp": 139990,
    "marca": "Einhell",
    "stock": 25,
    "descripcion": "Sierra estacionaria de alta potencia"
  }
},
{
  "model": "main.producto",
  "pk": 1010,
  "fields": {
    "codigo": "HEE-002",
    "nombre": "Compresor de aire 24L 2HP",
    "categoria": 3,
    "precio_clp": 129990,
    "marca": "Einhell",
    "stock": 15,
    "descripcion": ""
  }
},
{
  "model": "main.producto",
  "pk": 1011,
  "fields": {
    "codigo": "HEE-003",
    "nombre": "Generador eléctrico 1000W",
    "categoria": 3,
    "precio_clp": 1209000,
    "marca": "Hyundai",
    "stock": 10,
    "descripcion": ""
  }
},
{
  "model": "main.producto",
  "pk": 1012,
  "fields": {
    "codigo": "HC-001",
    "nombre": "Sierra circular 7-1/4''",
    "categoria": 4,
    "precio_clp": 148980,
    "marca": "Bosch",
    "stock": 30,
    "descripcion": ""
  }
},
{
  "model": "main.producto",
  "pk": 1013,
  "fields": {
    "codigo": "HC-002",
    "nombre": "Serrucho de punta 14''",
    "categoria": 4,
    "precio_clp": 10980,
    "marca": "Stanley",
    "stock": 40,
    "descripcion": ""
  }
},
{
  "model": "main.producto",
  "pk": 1014,
  "fields": {
    "codigo": "HC-003",
    "nombre": "Arco de sierra metálico",
    "categoria": 4,
    "precio_clp": 8990,
    "marca": "Bahco",
    "stock": 35,
    "descripcion": ""
  }
},
{
  "model": "main.producto",
  "pk": 1015,
  "fields": {
    "codigo": "HC-004",
    "nombre": "Ingletadora 10''",
    "categoria": 4,
    "precio_clp": 359500,
    "marca": "DeWalt",
    "stock": 10,
    "descripcion": ""
  }
},
{
  "model": "main.producto",
  "pk": 1016,
  "fields": {
    "codigo": "HM-101",
    "nombre": "Nivelador manual 30cm",
    "categoria": 5,
    "precio_clp": 8970,
    "marca": "Tramontina",
    "stock": 50,
    "descripcion": ""
  }
},
{
  "model": "main.producto",
  "pk": 1017,
  "fields": {
    "codigo": "HM-102",
    "nombre": "Nivelador láser 15m",
    "categoria": 5,
    "precio_clp": 154990,
    "marca": "Bosch",
    "stock": 15,
    "descripcion": ""
  }
},
{
  "model": "main.producto",
  "pk": 1018,
  "fields": {
    "codigo": "HM-103",
    "nombre": "Wincha 5m",
    "categoria": 5,
    "precio_clp": 3990,
    "marca": "Pretul",
    "stock": 80,
    "descripcion": ""
  }
},
{
  "model": "main.producto",
  "pk": 1019,
  "fields": {
    "codigo": "HM-104",
    "nombre": "Escuadra metálica 30cm",
    "categoria": 5,
    "precio_clp": 7250,
    "marca": "Truper",
    "stock": 60,
    "descripcion": ""
  }
},
{
  "model": "main.producto",
  "pk": 1020,
  "fields": {
    "codigo": "HM-105",
    "nombre": "Calibrador pie de metro",
    "categoria": 5,
    "precio_clp": 62500,
    "marca": "Mitutoyo",
    "stock": 25,
    "descripcion": ""
  }
},
{
  "model": "main.producto",
  "pk": 1021,
  "fields": {
    "codigo": "HM-106",
    "nombre": "Multímetro digital",
    "categoria": 5,
    "precio_clp": 11990,
    "marca": "UNI-T",
    "stock": 30,
    "descripcion": ""
  }
},
{
  "model": "main.producto",
  "pk": 1022,
  "fields": {
    "codigo": "HJ-001",
    "nombre": "Azada",
    "categoria": 6,
    "precio_clp": 15890,
    "marca": "Truper",
    "stock": 40,
    "descripcion": ""
  }
},
{
  "model": "main.producto",
  "pk": 1023,
  "fields": {
    "codigo": "HJ-002",
    "nombre": "Pala punta redonda",
    "categoria": 6,
    "precio_clp": 24999,
    "marca": "Bellota",
    "stock": 35,
    "descripcion": ""
  }
},
{
  "model": "main.producto",
  "pk": 1024,
  "fields": {
    "codigo": "HJ-003",
    "nombre": "Tijera de mano para poda",
    "categoria": 6,
    "precio_clp": 28110,
    "marca": "Fiskars",
    "stock": 50,
    "descripcion": ""
  }
},
{
  "model": "main.producto",
  "pk": 1025,
  "fields": {
    "codigo": "HJ-004",
    "nombre": "Escoba plástica",
    "categoria": 6,
    "precio_clp": 3990,
    "marca": "Pretul",
    "stock": 45,
    "descripcion": ""
  }
},
{
  "model": "main.producto",
  "pk": 1026,
  "fields": {
    "codigo": "HJ-005",
    "nombre": "Bordeadora eléctrica",
    "categoria": 6,
    "precio_clp": 59990,
    "marca": "Einhell",
    "stock": 20,
    "descripcion": ""
  }
},
{
  "model": "main.producto",
  "pk": 1027,
  "fields": {
    "codigo": "HJ-006",
    "nombre": "Manguera 20m reforzada",
    "categoria": 6,
    "precio_clp": 12990,
    "marca": "Tramontina",
    "stock": 30,
    "descripcion": ""
  }
},
{
  "model": "main.producto",
  "pk": 1028,
  "fields": {
    "codigo": "HG-001",
    "nombre": "Llave Stillson 10''",
    "categoria": 7,
    "precio_clp": 7990,
    "marca": "Truper",
    "stock": 25,
    "descripcion": ""
  }
},
{
  "model": "main.producto",
  "pk": 1029,
  "fields": {
    "codigo": "HG-002",
    "nombre": "Llave Francesa 10''",
    "categoria": 7,
    "precio_clp": 6990,
    "marca": "Tramontina",
    "stock": 25,
    "descripcion": ""
  }
},
{
  "model": "main.producto",
  "pk": 1030,
  "fields": {
    "codigo": "HG-003",
    "nombre": "Cinta de teflón",
    "categoria": 7,
    "precio_clp": 500,
    "marca": "Genérica",
    "stock": 200,
    "descripcion": ""
  }
},
{
  "model": "main.producto",
  "pk": 1031,
  "fields": {
    "codigo": "HG-004",
    "nombre": "Adhesivo para PVC",
    "categoria": 7,
    "precio_clp": 2500,
    "marca": "vinilit",
    "stock": 100,
    "descripcion": ""
  }
},
{
  "model": "main.producto",
  "pk": 1032,
  "fields": {
    "codigo": "HG-005",
    "nombre": "Pinza pico de loro",
    "categoria": 7,
    "precio_clp": 5990,
    "marca": "Bahco",
    "stock": 30,
    "descripcion": ""
  }
},
{
  "model": "main.producto",
  "pk": 1033,
  "fields": {
    "codigo": "HG-006",
    "nombre": "Juego de llave Allen",
    "categoria": 7,
    "precio_clp": 3490,
    "marca": "Tramontina",
    "stock": 50,
    "descripcion": ""
  }
},
{
  "model": "main.producto",
  "pk": 1034,
  "fields": {
    "codigo": "HE-001",
    "nombre": "Multímetro digital básico",
    "categoria": 8,
    "precio_clp": 8990,
    "marca": "UNI-T",
    "stock": 35,
    "descripcion": ""
  }
},
{
  "model": "main.producto",
  "pk": 1035,
  "fields": {
    "codigo": "HE-002",
    "nombre": "Detector de tensión",
    "categoria": 8,
    "precio_clp": 4990,
    "marca": "Fluke",
    "stock": 40,
    "descripcion": ""
  }
},
{
  "model": "main.producto",
  "pk": 1036,
  "fields": {
    "codigo": "HE-003",
    "nombre": "Linterna LED recargable",
    "categoria": 8,
    "precio_clp": 6990,
    "marca": "Philips",
    "stock": 50,
    "descripcion": ""
  }
},
{
  "model": "main.producto",
  "pk": 1037,
  "fields": {
    "codigo": "HMA-001",
    "nombre": "Gato hidráulico 2T",
    "categoria": 9,
    "precio_clp": 29990,
    "marca": "Torin",
    "stock": 20,
    "descripcion": ""
  }
},
{
  "model": "main.producto",
  "pk": 1038,
  "fields": {
    "codigo": "HMA-002",
    "nombre": "Abrazaderas metálicas surtidas",
    "categoria": 9,
    "precio_clp": 3990,
    "marca": "Genérica",
    "stock": 100,
    "descripcion": ""
  }
},
{
  "model": "main.producto",
  "pk": 1039,
  "fields": {
    "codigo": "HMA-003",
    "nombre": "Multímetro automotriz",
    "categoria": 9,
    "precio_clp": 17990,
    "marca": "UNI-T",
    "stock": 20,
    "descripcion": ""
  }
},
{
  "model": "main.producto",
  "pk": 1040,
  "fields": {
    "codigo": "MC-001",
    "nombre": "Saco de cemento 25kg",
    "categoria": 10,
    "precio_clp": 5500,
    "marca": "Melón",
    "stock": 100,
    "descripcion": ""
  }
},
{
  "model": "main.producto",
  "pk": 1041,
  "fields": {
    "codigo": "MC-002",
    "nombre": "Arena gruesa m3",
    "categoria": 10,
    "precio_clp": 35000,
    "marca": "Genérica",
    "stock": 20,
    "descripcion": ""
  }
},
{
  "model": "main.producto",
  "pk": 1042,
  "fields": {
    "codigo": "MC-003",
    "nombre": "Ladrillo fiscal",
    "categoria": 10,
    "precio_clp": 300,
    "marca": "Genérica",
    "stock": 1000,
    "descripcion": ""
  }
},
{
  "model": "main.producto",
  "pk": 1043,
  "fields": {
    "codigo": "MC-004",
    "nombre": "Pintura látex blanca 1gal",
    "categoria": 10,
    "precio_clp": 10990,
    "marca": "Ceresita",
    "stock": 50,
    "descripcion": ""
  }
},
{
  "model": "main.producto",
  "pk": 1044,
  "fields": {
    "codigo": "MC-005",
    "nombre": "Barniz poliuretano 1lt",
    "categoria": 10,
    "precio_clp": 7990,
    "marca": "Sipa",
    "stock": 30,
    "descripcion": ""
  }
},
{
  "model": "main.producto",
  "pk": 1045,
  "fields": {
    "codigo": "MC-006",
    "nombre": "Cerámicos 45x45 caja",
    "categoria": 10,
    "precio_clp": 12990,
    "marca": "Cordillera",
    "stock": 40,
    "descripcion": ""
  }
},
{
  "model": "main.producto",
  "pk": 1046,
  "fields": {
    "codigo": "ES-001",
    "nombre": "Casco de seguridad",
    "categoria": 11,
    "precio_clp": 3990,
    "marca": "3M",
    "stock": 50,
    "descripcion": ""
  }
},
{
  "model": "main.producto",
  "pk": 1047,
  "fields": {
    "codigo": "ES-002",
    "nombre": "Guantes de cuero",
    "categoria": 11,
    "precio_clp": 2990,
    "marca": "Truper",
    "stock": 100,
    "descripcion": ""
  }
},
{
  "model": "main.producto",
  "pk": 1048,
  "fields": {
    "codigo": "ES-003",
    "nombre": "Lentes de seguridad",
    "categoria": 11,
    "precio_clp": 2490,
    "marca": "3M",
    "stock": 60,
    "descripcion": ""
  }
},
{
  "model": "main.producto",
  "pk": 1049,
  "fields": {
    "codigo": "TA-001",
    "nombre": "Tornillo para madera 1''",
    "categoria": 12,
    "precio_clp": 50,
    "marca": "Genérica",
    "stock": 1000,
    "descripcion": ""
  }
},
{
  "model": "main.producto",
  "pk": 1050,
  "fields": {
    "codigo": "TA-002",
    "nombre": "Tornillo autoperforante Tek",
    "categoria": 12,
    "precio_clp": 100,
    "marca": "Genérica",
    "stock": 800,
    "descripcion": ""
  }
},
{
  "model": "main.producto",
  "pk": 1051,
  "fields": {
    "codigo": "TA-003",
    "nombre": "Tornillo para drywall",
    "categoria": 12,
    "precio_clp": 60,
    "marca": "Genérica",
    "stock": 1000,
    "descripcion": ""
  }
},
{
  "model": "main.producto",
  "pk": 1052,
  "fields": {
    "codigo": "TA-004",
    "nombre": "Tornillo Allen M6x20",
    "categoria": 12,
    "precio_clp": 80,
    "marca": "Genérica",
    "stock": 1000,
    "descripcion": ""
  }
},
{
  "model": "main.producto",
  "pk": 1053,
  "fields": {
    "codigo": "TA-005",
    "nombre": "Anclaje expansión Fischer",
    "categoria": 12,
    "precio_clp": 200,
    "marca": "Fischer",
    "stock": 500,
    "descripcion": ""
  }
},
{
  "model": "main.producto",
  "pk": 1054,
  "fields": {
    "codigo": "TA-006",
    "nombre": "Taco plástico + tornillo",
    "categoria": 12,
    "precio_clp": 150,
    "marca": "Genérica",
    "stock": 1000,
    "descripcion": ""
  }
},
{
  "model": "main.producto",
  "pk": 1055,
  "fields": {
    "codigo": "FA-001",
    "nombre": "Clavo de acero 2''",
    "categoria": 13,
    "precio_clp": 30,
    "marca": "Genérica",
    "stock": 2000,
    "descripcion": ""
  }
},
{
  "model": "main.producto",
  "pk": 1056,
  "fields": {
    "codigo": "FA-002",
    "nombre": "Abrazadera metálica 1''",
    "categoria": 13,
    "precio_clp": 100,
    "marca": "Genérica",
    "stock": 800,
    "descripcion": ""
  }
},
{
  "model": "main.producto",
  "pk": 1057,
  "fields": {
    "codigo": "FA-003",
    "nombre": "Remache pop aluminio",
    "categoria": 13,
    "precio_clp": 50,
    "marca": "Genérica",
    "stock": 1500,
    "descripcion": ""
  }
},
{
  "model": "main.producto",
  "pk": 1058,
  "fields": {
    "codigo": "FA-004",
    "nombre": "Velcro industrial 1m",
    "categoria": 13,
    "precio_clp": 2000,
    "marca": "3M",
    "stock": 200,
    "descripcion": ""
  }
},
{
  "model": "main.producto",
  "pk": 1059,
  "fields": {
    "codigo": "FA-005",
    "nombre": "Silicona neutra 280ml",
    "categoria": 13,
    "precio_clp": 3990,
    "marca": "Sika",
    "stock": 300,
    "descripcion": ""
  }
},
{
  "model": "main.producto",
  "pk": 1060,
  "fields": {
    "codigo": "FA-006",
    "nombre": "Adhesivo de montaje 370g",
    "categoria": 13,
    "precio_clp": 4990,
    "marca": "Agorex",
    "stock": 250,
    "descripcion": ""
  }
},
{
  "model": "main.producto",
  "pk": 1061,
  "fields": {
    "codigo": "FA-007",
    "nombre": "Epóxico de dos componentes",
    "categoria": 13,
    "precio_clp": 6990,
    "marca": "Araldite",
    "stock": 200,
    "descripcion": ""
  }
},
{
  "model": "main.producto",
  "pk": 1062,
  "fields": {
    "codigo": "FA-008",
    "nombre": "Cinta doble faz alta resistencia",
    "categoria": 13,
    "precio_clp": 2990,
    "marca": "3M",
    "stock": 300,
    "descripcion": ""
  }
},
{
  "model": "main.imagenproducto",
  "pk": 1,
  "fields": {
    "producto": 1062,
    "archivo": "Cinta doble faz alta resistencia.webp"
  }
},
{
  "model": "main.imagenproducto",
  "pk": 2,
  "fields": {
    "producto": 1061,
    "archivo": "Epóxico de dos componentes.webp"
  }
},
{
  "model": "main.imagenproducto",
  "pk": 3,
  "fields": {
    "producto": 1060,
    "archivo": "Adhesivo de montaje 370g.webp"
  }
},
{
  "model": "main.imagenproducto",
  "pk": 4,
  "fields": {
    "producto": 1059,
    "archivo": "Silicona neutra 280ml.webp"
  }
},
{
  "model": "main.imagenproducto",
  "pk": 5,
  "fields": {
    "producto": 1058,
    "archivo": "Velcro industrial 1m.webp"
  }
},
{
  "model": "main.imagenproducto",
  "pk": 6,
  "fields": {
    "producto": 1057,
    "archivo": "Remache pop aluminio.jpeg"
  }
},
{
  "model": "main.imagenproducto",
  "pk": 7,
  "fields": {
    "producto": 1056,
    "archivo": "Abrazadera metálica 1''.jpeg"
  }
},
{
  "model": "main.imagenproducto",
  "pk": 8,
  "fields": {
    "producto": 1055,
    "archivo": "Clavo de acero 2''.jpeg"
  }
},
{
  "model": "main.imagenproducto",
  "pk": 9,
  "fields": {
    "producto": 1054,
    "archivo": "Taco plástico + tornillo.jpeg"
  }
},
{
  "model": "main.imagenproducto",
  "pk": 10,
  "fields": {
    "producto": 1053,
    "archivo": "Anclaje expansión Fischer.jpeg"
  }
},
{
  "model": "main.imagenproducto",
  "pk": 11,
  "fields": {
    "producto": 1052,
    "archivo": "Tornillo Allen M6x20.jpeg"
  }
},
{
  "model": "main.imagenproducto",
  "pk": 12,
  "fields": {
    "producto": 1051,
    "archivo": "Tornillo para drywall.jpeg"
  }
},
{
  "model": "main.imagenproducto",
  "pk": 13,
  "fields": {
    "producto": 1050,
    "archivo": "Tornillo autoperforante Tek.jpeg"
  }
},
{
  "model": "main.imagenproducto",
  "pk": 14,
  "fields": {
    "producto": 1049,
    "archivo": "Tornillo para madera 1''.jpeg"
  }
},
{
  "model": "main.imagenproducto",
  "pk": 15,
  "fields": {
    "producto": 1048,
    "archivo": "Lentes de seguridad.avif"
  }
},
{
  "model": "main.imagenproducto",
  "pk": 16,
  "fields": {
    "producto": 1047,
    "archivo": "Guantes de cuero.jpeg"
  }
},
{
  "model": "main.imagenproducto",
  "pk": 17,
  "fields": {
    "producto": 1046,
    "archivo": "Casco de seguridad.avif"
  }
},
{
  "model": "main.imagenproducto",
  "pk": 18,
  "fields": {
    "producto": 1045,
    "archivo": "Cerámicos 45x45 caja.webp"
  }
},
{
  "model": "main.imagenproducto",
  "pk": 19,
  "fields": {
    "producto": 1044,
    "archivo": "Barniz poliuretano 1lt.webp"
  }
},
{
  "model": "main.imagenproducto",
  "pk": 20,
  "fields": {
    "producto": 1043,
    "archivo": "Pintura látex blanca 1gal.webp"
  }
},
{
  "model": "main.imagenproducto",
  "pk": 21,
  "fields": {
    "producto": 1042,
    "archivo": "Ladrillo fiscal.jpeg"
  }
},
{
  "model": "main.imagenproducto",
  "pk": 22,
  "fields": {
    "producto": 1041,
    "archivo": "Arena gruesa m3.webp"
  }
},
{
  "model": "main.imagenproducto",
  "pk": 23,
  "fields": {
    "producto": 1040,
    "archivo": "Saco de cemento 25kg.jpeg"
  }
},
{
  "model": "main.imagenproducto",
  "pk": 24,
  "fields": {
    "producto": 1039,
    "archivo": "Multímetro automotriz.webp"
  }
},
{
  "model": "main.imagenproducto",
  "pk": 25,
  "fields": {
    "producto": 1038,
    "archivo": "Abrazaderas metálicas surtidas.webp"
  }
},
{
  "model": "main.imagenproducto",
  "pk": 26,
  "fields": {
    "producto": 1037,
    "archivo": "Gato hidráulico 2T.jpeg"
  }
},
{
  "model": "main.imagenproducto",
  "pk": 27,
  "fields": {
    "producto": 1036,
    "archivo": "Linterna LED recargable.jpeg"
  }
},
{
  "model": "main.imagenproducto",
  "pk": 28,
  "fields": {
    "producto": 1035,
    "archivo": "Detector de tensión.webp"
  }
},
{
  "model": "main.imagenproducto",
  "pk": 29,
  "fields": {
    "producto": 1034,
    "archivo": "Multímetro digital básico.webp"
  }
},
{
  "model": "main.imagenproducto",
  "pk": 30,
  "fields": {
    "producto": 1033,
    "archivo": "Juego de llave Allen.webp"
  }
},
{
  "model": "main.imagenproducto",
  "pk": 31,
  "fields": {
    "producto": 1032,
    "archivo": "Pinza pico de loro.jpeg"
  }
},
{
  "model": "main.imagenproducto",
  "pk": 32,
  "fields": {
    "producto": 1031,
    "archivo": "Adhesivo para PVC.webp"
  }
},
{
  "model": "main.imagenproducto",
  "pk": 33,
  "fields": {
    "producto": 1030,
    "archivo": "Cinta de teflón.jpeg"
  }
},
{
  "model": "main.imagenproducto",
  "pk": 34,
  "fields": {
    "producto": 1029,
    "archivo": "Llave Francesa 10''.jpeg"
  }
},
{
  "model": "main.imagenproducto",
  "pk": 35,
  "fields": {
    "producto": 1028,
    "archivo": "Llave Stillson 10''.webp"
  }
},
{
  "model": "main.imagenproducto",
  "pk": 36,
  "fields": {
    "producto": 1027,
    "archivo": "Manguera 20m reforzada.webp"
  }
},
{
  "model": "main.imagenproducto",
  "pk": 37,
  "fields": {
    "producto": 1026,
    "archivo": "Bordeadora eléctrica.jpeg"
  }
},
{
  "model": "main.imagenproducto",
  "pk": 38,
  "fields": {
    "producto": 1025,
    "archivo": "Escoba plástica.png"
  }
},
{
  "model": "main.imagenproducto",
  "pk": 39,
  "fields": {
    "producto": 1024,
    "archivo": "Tijera de mano para poda.webp"
  }
},
{
  "model": "main.imagenproducto",
  "pk": 40,
  "fields": {
    "producto": 1023,
    "archivo": "Pala punta redonda.webp"
  }
},
{
  "model": "main.imagenproducto",
  "pk": 41,
  "fields": {
    "producto": 1022,
    "archivo": "Azada.webp"
  }
},
{
  "model": "main.imagenproducto",
  "pk": 42,
  "fields": {
    "producto": 1021,
    "archivo": "Multímetro digital.webp"
  }
},
{
  "model": "main.imagenproducto",
  "pk": 43,
  "fields": {
    "producto": 1020,
    "archivo": "Calibrador pie de metro.webp"
  }
},
{
  "model": "main.imagenproducto",
  "pk": 44,
  "fields": {
    "producto": 1019,
    "archivo": "Escuadra metálica 30cm.webp"
  }
},
{
  "model": "main.imagenproducto",
  "pk": 45,
  "fields": {
    "producto": 1018,
    "archivo": "Wincha 5m.jpeg"
  }
},
{
  "model": "main.imagenproducto",
  "pk": 46,
  "fields": {
    "producto": 1017,
    "archivo": "Nivelador láser 15m.webp"
  }
},
{
  "model": "main.imagenproducto",
  "pk": 47,
  "fields": {
    "producto": 1016,
    "archivo": "Nivelador manual 30cm.webp"
  }
},
{
  "model": "main.imagenproducto",
  "pk": 48,
  "fields": {
    "producto": 1015,
    "archivo": "Ingletadora 10''.webp"
  }
},
{
  "model": "main.imagenproducto",
  "pk": 49,
  "fields": {
    "producto": 1014,
    "archivo": "Arco de sierra metálico.webp"
  }
},
{
  "model": "main.imagenproducto",
  "pk": 50,
  "fields": {
    "producto": 1013,
    "archivo": "Serrucho de punta 14''.webp"
  }
},
{
  "model": "main.imagenproducto",
  "pk": 51,
  "fields": {
    "producto": 1012,
    "archivo": "Sierra circular.webp"
  }
},
{
  "model": "main.imagenproducto",
  "pk": 52,
  "fields": {
    "producto": 1011,
    "archivo": "Generador eléctrico 1000W.webp"
  }
},
{
  "model": "main.imagenproducto",
  "pk": 53,
  "fields": {
    "producto": 1010,
    "archivo": "Compresor de aire 24L 2HP.webp"
  }
},
{
  "model": "main.imagenproducto",
  "pk": 54,
  "fields": {
    "producto": 1009,
    "archivo": "Sierra de banco.png"
  }
},
{
  "model": "main.imagenproducto",
  "pk": 55,
  "fields": {
    "producto": 1008,
    "archivo": "Cautín eléctrico 60W.webp"
  }
},
{
  "model": "main.imagenproducto",
  "pk": 56,
  "fields": {
    "producto": 1007,
    "archivo": "Pistola de calor Stanley 2000W.webp"
  }
},
{
  "model": "main.imagenproducto",
  "pk": 57,
  "fields": {
    "producto": 1006,
    "archivo": "Sierra caladora Makita 450W.webp"
  }
},
{
  "model": "main.imagenproducto",
  "pk": 58,
  "fields": {
    "producto": 1005,
    "archivo": "Taladro Bosch GSB 13 RE.webp"
  }
},
{
  "model": "main.imagenproducto",
  "pk": 59,
  "fields": {
    "producto": 1004,
    "archivo": "Alicate universal 7''.jpg"
  }
},
{
  "model": "main.imagenproducto",
  "pk": 60,
  "fields": {
    "producto": 1003,
    "archivo": "Llave combinada 13mm.webp"
  }
},
{
  "model": "main.imagenproducto",
  "pk": 61,
  "fields": {
    "producto": 1002,
    "archivo": "Destornillador plano 6mm.jpeg"
  }
},
{
  "model": "main.imagenproducto",
  "pk": 62,
  "fields": {
    "producto": 1001,
    "archivo": "Martillo carpintero Stanley.webp"
  }
}
]
